0,1,2,3,4,5,6,7,8,9,10,11,12,13,14,15,16,17,18,19,20,21,22,23,24,25,26,27,28,29,30,31,32,33,34,35,36,37,38,39,40,41,42,43,44,45,46,47,48,49,50,51,52,53,54,55,56,57,58,59,60,61,62,63,64,65,66,67,68,69,70,71,72,73,74,75,76,77,78,79,80,81,82,83,84,85,86,87,88,89,90,91,92,93,94,95,96,97,98,99,100,101
0.47868553,0.39993572,0.35316727,0.47858754,0.39205196,0.08563491,0.47509927,0.39066282,0.33285868,0.4752218,0.37192956,0.033363465,0.4581263,0.37171632,0.31357467,0.46916026,0.37195674,0.58829343,0.43000785,0.3751048,0.8344488,0.47632632,0.42483863,0.40303993,0.43363795,0.4366137,0.7772303,0.47204787,0.48565683,0.41289705,0.4614202,0.50160336,0.6793512,0.4250068,0.44591624,0.978631,0.3924929,0.44634113,0.98701674,0.44579306,0.5768274,0.99289316,0.37942156,0.57936466,0.9955949,0.46884567,0.72046006,0.9874236,0.37601343,0.7230631,0.9901322,0.43696278,0.2748616,0.96493894,0.43923053,0.2626484,0.95988566,0.43091184,0.26364928,0.65091664,0.46329403,0.23808226,0.79821754,0.42818934,0.24169274,0.07773333,0.5132064,0.26019326,0.9976482,0.4289921,0.27240553,0.82903534,0.5563111,0.32881266,0.99611795,0.4493455,0.3498487,0.41613016,0.5099102,0.40809655,0.98967475,0.46328464,0.40611643,0.58340544,0.52265936,0.42922336,0.9991596,0.46028647,0.4330352,0.9914892,0.535295,0.57088745,0.99862826,0.44808573,0.5757311,0.9881563,0.5568565,0.69973975,0.98747337,0.45939976,0.6937933,0.9487387
0.47868553,0.39993572,0.35316727,0.47858754,0.39205196,0.08563491,0.47509927,0.39066282,0.33285868,0.4752218,0.37192956,0.033363465,0.4581263,0.37171632,0.31357467,0.46916026,0.37195674,0.58829343,0.43000785,0.3751048,0.8344488,0.47632632,0.42483863,0.40303993,0.43363795,0.4366137,0.7772303,0.47204787,0.48565683,0.41289705,0.4614202,0.50160336,0.6793512,0.4250068,0.44591624,0.978631,0.3924929,0.44634113,0.98701674,0.44579306,0.5768274,0.99289316,0.37942156,0.57936466,0.9955949,0.46884567,0.72046006,0.9874236,0.37601343,0.7230631,0.9901322,0.43696278,0.2748616,0.96493894,0.43923053,0.2626484,0.95988566,0.43091184,0.26364928,0.65091664,0.46329403,0.23808226,0.79821754,0.42818934,0.24169274,0.07773333,0.5132064,0.26019326,0.9976482,0.4289921,0.27240553,0.82903534,0.5563111,0.32881266,0.99611795,0.4493455,0.3498487,0.41613016,0.5099102,0.40809655,0.98967475,0.46328464,0.40611643,0.58340544,0.52265936,0.42922336,0.9991596,0.46028647,0.4330352,0.9914892,0.535295,0.57088745,0.99862826,0.44808573,0.5757311,0.9881563,0.5568565,0.69973975,0.98747337,0.45939976,0.6937933,0.9487387
0.48565024,0.408292,0.59392905,0.48604298,0.40016603,0.15812854,0.48133928,0.39867854,0.63684255,0.48001757,0.38040107,0.03175631,0.45947656,0.3796061,0.5457441,0.46836424,0.38124338,0.63462186,0.42743492,0.3841909,0.8910782,0.47225505,0.43497294,0.3478972,0.42866975,0.44499603,0.8098581,0.47303644,0.49703503,0.36104292,0.46010175,0.50599456,0.70710844,0.4233529,0.44850293,0.9708613,0.3898535,0.44960117,0.98459435,0.44656268,0.574624,0.99031246,0.37940764,0.5787141,0.99472094,0.46847573,0.72115153,0.983887,0.3760298,0.72525436,0.9880546,0.44119087,0.27318835,0.96019596,0.44328612,0.26099643,0.9426956,0.43527445,0.2615722,0.6469107,0.46564287,0.23654811,0.6819911,0.42966676,0.23854253,0.08721576,0.51420844,0.25869316,0.9971656,0.42434716,0.26802665,0.82055295,0.5550672,0.33486813,0.9959382,0.44010314,0.34981132,0.45338726,0.51283413,0.42141318,0.99015546,0.45747566,0.41007537,0.63622916,0.5242355,0.425646,0.99906987,0.45812854,0.42923108,0.99118024,0.53757733,0.5687278,0.998387,0.44588035,0.5740558,0.9867758,0.5567401,0.7013138,0.98390007,0.4558137,0.6959759,0.93571466
0.48565024,0.408292,0.59392905,0.48604298,0.40016603,0.15812854,0.48133928,0.39867854,0.63684255,0.48001757,0.38040107,0.03175631,0.45947656,0.3796061,0.5457441,0.46836424,0.38124338,0.63462186,0.42743492,0.3841909,0.8910782,0.47225505,0.43497294,0.3478972,0.42866975,0.44499603,0.8098581,0.47303644,0.49703503,0.36104292,0.46010175,0.50599456,0.70710844,0.4233529,0.44850293,0.9708613,0.3898535,0.44960117,0.98459435,0.44656268,0.574624,0.99031246,0.37940764,0.5787141,0.99472094,0.46847573,0.72115153,0.983887,0.3760298,0.72525436,0.9880546,0.44119087,0.27318835,0.96019596,0.44328612,0.26099643,0.9426956,0.43527445,0.2615722,0.6469107,0.46564287,0.23654811,0.6819911,0.42966676,0.23854253,0.08721576,0.51420844,0.25869316,0.9971656,0.42434716,0.26802665,0.82055295,0.5550672,0.33486813,0.9959382,0.44010314,0.34981132,0.45338726,0.51283413,0.42141318,0.99015546,0.45747566,0.41007537,0.63622916,0.5242355,0.425646,0.99906987,0.45812854,0.42923108,0.99118024,0.53757733,0.5687278,0.998387,0.44588035,0.5740558,0.9867758,0.5567401,0.7013138,0.98390007,0.4558137,0.6959759,0.93571466
0.48256788,0.41932422,0.68073666,0.4826106,0.4110039,0.22274992,0.47736233,0.4098801,0.6975086,0.47962075,0.38780278,0.039920196,0.45638666,0.3884154,0.5498515,0.47208887,0.38558534,0.6860186,0.42567053,0.38901958,0.90255034,0.4734295,0.4399232,0.40494484,0.42624092,0.45034012,0.8236934,0.4760105,0.5044006,0.42821872,0.460787,0.5134767,0.7398693,0.42563778,0.448867,0.9720177,0.38906044,0.45013747,0.9844094,0.44583663,0.5749411,0.9897914,0.3786997,0.58051175,0.9941665,0.46450877,0.717955,0.9815654,0.37711096,0.72588134,0.9859568,0.4431352,0.271573,0.9413494,0.44445282,0.25972837,0.9123338,0.43791008,0.25960055,0.5413744,0.4660895,0.23463579,0.58453447,0.4321937,0.23508748,0.065989636,0.5151303,0.2571481,0.99645424,0.42161807,0.2631859,0.7598134,0.5523995,0.3432056,0.9960626,0.4335641,0.3536933,0.41610125,0.5157999,0.43046188,0.99086386,0.45022184,0.42055908,0.6237309,0.52271247,0.42102355,0.998917,0.45413223,0.4238008,0.98893577,0.53706336,0.56723756,0.9980568,0.44132805,0.5721285,0.98275524,0.553875,0.6998464,0.9789988,0.45038432,0.69551194,0.91232604
0.48256788,0.41932422,0.68073666,0.4826106,0.4110039,0.22274992,0.47736233,0.4098801,0.6975086,0.47962075,0.38780278,0.039920196,0.45638666,0.3884154,0.5498515,0.47208887,0.38558534,0.6860186,0.42567053,0.38901958,0.90255034,0.4734295,0.4399232,0.40494484,0.42624092,0.45034012,0.8236934,0.4760105,0.5044006,0.42821872,0.460787,0.5134767,0.7398693,0.42563778,0.448867,0.9720177,0.38906044,0.45013747,0.9844094,0.44583663,0.5749411,0.9897914,0.3786997,0.58051175,0.9941665,0.46450877,0.717955,0.9815654,0.37711096,0.72588134,0.9859568,0.4431352,0.271573,0.9413494,0.44445282,0.25972837,0.9123338,0.43791008,0.25960055,0.5413744,0.4660895,0.23463579,0.58453447,0.4321937,0.23508748,0.065989636,0.5151303,0.2571481,0.99645424,0.42161807,0.2631859,0.7598134,0.5523995,0.3432056,0.9960626,0.4335641,0.3536933,0.41610125,0.5157999,0.43046188,0.99086386,0.45022184,0.42055908,0.6237309,0.52271247,0.42102355,0.998917,0.45413223,0.4238008,0.98893577,0.53706336,0.56723756,0.9980568,0.44132805,0.5721285,0.98275524,0.553875,0.6998464,0.9789988,0.45038432,0.69551194,0.91232604
0.4831695,0.40969062,0.50444657,0.48253354,0.4011249,0.13005629,0.47787005,0.4010984,0.5079698,0.47908077,0.37855953,0.03481438,0.4585885,0.38174605,0.4371008,0.47439146,0.37727875,0.6360693,0.42934012,0.38155374,0.8802796,0.47584194,0.43117207,0.41524982,0.42662963,0.44211322,0.823676,0.47742042,0.49744496,0.4436279,0.45775086,0.5110574,0.74383545,0.4272448,0.44840685,0.97537816,0.3921407,0.4496858,0.98629826,0.44429404,0.57550234,0.9906777,0.3806369,0.58140075,0.9946849,0.46086892,0.71771175,0.98235106,0.3770309,0.7289709,0.9867193,0.44425792,0.27632058,0.949857,0.4454444,0.26389363,0.931313,0.43794626,0.2641593,0.58218807,0.46722063,0.23771724,0.6478983,0.43194237,0.2395955,0.07459091,0.51568234,0.2613446,0.9968561,0.42191753,0.2671531,0.75742024,0.5486679,0.35333306,0.9958281,0.42905897,0.3631774,0.361693,0.51695335,0.4403078,0.9892842,0.4460679,0.4320964,0.55719286,0.5191808,0.42492396,0.9987803,0.45058408,0.42784405,0.98664886,0.53391576,0.56672704,0.99794394,0.43595403,0.57307017,0.98049897,0.5512247,0.7015767,0.9796252,0.44252506,0.70215905,0.9107511
0.4831695,0.40969062,0.50444657,0.48253354,0.4011249,0.13005629,0.47787005,0.4010984,0.5079698,0.47908077,0.37855953,0.03481438,0.4585885,0.38174605,0.4371008,0.47439146,0.37727875,0.6360693,0.42934012,0.38155374,0.8802796,0.47584194,0.43117207,0.41524982,0.42662963,0.44211322,0.823676,0.47742042,0.49744496,0.4436279,0.45775086,0.5110574,0.74383545,0.4272448,0.44840685,0.97537816,0.3921407,0.4496858,0.98629826,0.44429404,0.57550234,0.9906777,0.3806369,0.58140075,0.9946849,0.46086892,0.71771175,0.98235106,0.3770309,0.7289709,0.9867193,0.44425792,0.27632058,0.949857,0.4454444,0.26389363,0.931313,0.43794626,0.2641593,0.58218807,0.46722063,0.23771724,0.6478983,0.43194237,0.2395955,0.07459091,0.51568234,0.2613446,0.9968561,0.42191753,0.2671531,0.75742024,0.5486679,0.35333306,0.9958281,0.42905897,0.3631774,0.361693,0.51695335,0.4403078,0.9892842,0.4460679,0.4320964,0.55719286,0.5191808,0.42492396,0.9987803,0.45058408,0.42784405,0.98664886,0.53391576,0.56672704,0.99794394,0.43595403,0.57307017,0.98049897,0.5512247,0.7015767,0.9796252,0.44252506,0.70215905,0.9107511
0.4504148,0.3171007,0.21068232,0.45205936,0.3075444,0.08584161,0.4462493,0.30781847,0.113764174,0.45579863,0.29894933,0.12762377,0.44050583,0.30118072,0.16046,0.46584636,0.32688597,0.78746974,0.42480746,0.3284842,0.82202667,0.4840607,0.40552253,0.6628502,0.43539438,0.4144539,0.71703595,0.47726154,0.47611657,0.5866158,0.46368566,0.49157292,0.6074463,0.42945075,0.45008025,0.9884405,0.39748114,0.44924966,0.9888391,0.44230747,0.5817576,0.9938479,0.38485932,0.58296955,0.99425185,0.45638353,0.72658217,0.984537,0.37552196,0.7306229,0.9848755,0.43488103,0.27465343,0.9640911,0.43777403,0.26196995,0.97073126,0.4280216,0.26225382,0.60054624,0.46264735,0.23901835,0.86582303,0.4258644,0.24155423,0.056923978,0.51170945,0.26833478,0.9980326,0.42593116,0.27466542,0.73274904,0.54568076,0.36080584,0.99664307,0.4355375,0.3688453,0.23813343,0.51582325,0.448318,0.98898625,0.44505376,0.43539292,0.39936122,0.516603,0.4376994,0.9987795,0.4535324,0.44017076,0.98197055,0.5321034,0.5699711,0.99803907,0.43963227,0.57545006,0.9756488,0.55249107,0.70348585,0.9833051,0.44430923,0.7033049,0.91473466
0.4504148,0.3171007,0.21068232,0.45205936,0.3075444,0.08584161,0.4462493,0.30781847,0.113764174,0.45579863,0.29894933,0.12762377,0.44050583,0.30118072,0.16046,0.46584636,0.32688597,0.78746974,0.42480746,0.3284842,0.82202667,0.4840607,0.40552253,0.6628502,0.43539438,0.4144539,0.71703595,0.47726154,0.47611657,0.5866158,0.46368566,0.49157292,0.6074463,0.42945075,0.45008025,0.9884405,0.39748114,0.44924966,0.9888391,0.44230747,0.5817576,0.9938479,0.38485932,0.58296955,0.99425185,0.45638353,0.72658217,0.984537,0.37552196,0.7306229,0.9848755,0.43488103,0.27465343,0.9640911,0.43777403,0.26196995,0.97073126,0.4280216,0.26225382,0.60054624,0.46264735,0.23901835,0.86582303,0.4258644,0.24155423,0.056923978,0.51170945,0.26833478,0.9980326,0.42593116,0.27466542,0.73274904,0.54568076,0.36080584,0.99664307,0.4355375,0.3688453,0.23813343,0.51582325,0.448318,0.98898625,0.44505376,0.43539292,0.39936122,0.516603,0.4376994,0.9987795,0.4535324,0.44017076,0.98197055,0.5321034,0.5699711,0.99803907,0.43963227,0.57545006,0.9756488,0.55249107,0.70348585,0.9833051,0.44430923,0.7033049,0.91473466
0.45153174,0.29873756,0.4371105,0.45434457,0.2884515,0.2249335,0.4463226,0.28889242,0.255922,0.46082258,0.28143695,0.24983557,0.44139618,0.28415948,0.254731,0.47198448,0.31751943,0.890189,0.42692047,0.32178223,0.9038073,0.4931783,0.4035183,0.7427391,0.4362054,0.42011636,0.76573193,0.4831708,0.4774527,0.6498865,0.462855,0.4978583,0.64585227,0.43213496,0.45330778,0.991076,0.39790368,0.45316106,0.99098164,0.4459765,0.58573836,0.9945533,0.3870132,0.5878713,0.9947149,0.45904097,0.72939366,0.9850521,0.375101,0.732886,0.9850675,0.43467268,0.27262908,0.96411705,0.4391481,0.26010102,0.9696205,0.42761922,0.26065812,0.64652544,0.46433464,0.2418485,0.86149347,0.42476463,0.24405476,0.07009566,0.50981677,0.27539948,0.9972862,0.42643952,0.28178933,0.7587478,0.5471542,0.36599803,0.9949928,0.43530473,0.37351555,0.27984238,0.51383984,0.4582805,0.98473847,0.4490455,0.43939108,0.43047014,0.51500946,0.44071883,0.9982869,0.45316392,0.44309264,0.9803124,0.5347084,0.58239806,0.9976548,0.44157022,0.58661544,0.977435,0.55575746,0.7127672,0.98204494,0.4379166,0.7093347,0.9227901
0.45153174,0.29873756,0.4371105,0.45434457,0.2884515,0.2249335,0.4463226,0.28889242,0.255922,0.46082258,0.28143695,0.24983557,0.44139618,0.28415948,0.254731,0.47198448,0.31751943,0.890189,0.42692047,0.32178223,0.9038073,0.4931783,0.4035183,0.7427391,0.4362054,0.42011636,0.76573193,0.4831708,0.4774527,0.6498865,0.462855,0.4978583,0.64585227,0.43213496,0.45330778,0.991076,0.39790368,0.45316106,0.99098164,0.4459765,0.58573836,0.9945533,0.3870132,0.5878713,0.9947149,0.45904097,0.72939366,0.9850521,0.375101,0.732886,0.9850675,0.43467268,0.27262908,0.96411705,0.4391481,0.26010102,0.9696205,0.42761922,0.26065812,0.64652544,0.46433464,0.2418485,0.86149347,0.42476463,0.24405476,0.07009566,0.50981677,0.27539948,0.9972862,0.42643952,0.28178933,0.7587478,0.5471542,0.36599803,0.9949928,0.43530473,0.37351555,0.27984238,0.51383984,0.4582805,0.98473847,0.4490455,0.43939108,0.43047014,0.51500946,0.44071883,0.9982869,0.45316392,0.44309264,0.9803124,0.5347084,0.58239806,0.9976548,0.44157022,0.58661544,0.977435,0.55575746,0.7127672,0.98204494,0.4379166,0.7093347,0.9227901
0.47842884,0.3739718,0.15554638,0.47665912,0.3653984,0.031048907,0.47536546,0.36515594,0.12798178,0.47108513,0.3461835,0.031366125,0.46289796,0.34904122,0.24392417,0.46982685,0.3523845,0.6194091,0.43286523,0.35680383,0.8555214,0.47660846,0.42406958,0.50627303,0.42609495,0.43655753,0.83793193,0.4743947,0.5070934,0.49821493,0.45077857,0.52272904,0.7438658,0.42260176,0.4499391,0.9859228,0.39329937,0.45091802,0.99161583,0.4416402,0.5807276,0.99326855,0.38347632,0.5851099,0.99593157,0.45980024,0.7230813,0.98427814,0.3766892,0.7308185,0.9879901,0.4397071,0.27580437,0.9382638,0.4418613,0.26402003,0.9457244,0.4344718,0.2625208,0.44252217,0.46750897,0.2385036,0.79669714,0.4337429,0.23746581,0.038082227,0.5168212,0.26582474,0.9972785,0.42345136,0.2687989,0.69182765,0.5470992,0.37423968,0.99670297,0.41991988,0.3776961,0.25971758,0.5073255,0.4772018,0.99009633,0.43392485,0.45102438,0.44448063,0.5155495,0.4427053,0.9987929,0.44729,0.4439393,0.98294836,0.5316036,0.58272755,0.99773633,0.4328025,0.586336,0.9727601,0.55116165,0.71640414,0.97790056,0.43568844,0.71010566,0.8915031
0.47842884,0.3739718,0.15554638,0.47665912,0.3653984,0.031048907,0.47536546,0.36515594,0.12798178,0.47108513,0.3461835,0.031366125,0.46289796,0.34904122,0.24392417,0.46982685,0.3523845,0.6194091,0.43286523,0.35680383,0.8555214,0.47660846,0.42406958,0.50627303,0.42609495,0.43655753,0.83793193,0.4743947,0.5070934,0.49821493,0.45077857,0.52272904,0.7438658,0.42260176,0.4499391,0.9859228,0.39329937,0.45091802,0.99161583,0.4416402,0.5807276,0.99326855,0.38347632,0.5851099,0.99593157,0.45980024,0.7230813,0.98427814,0.3766892,0.7308185,0.9879901,0.4397071,0.27580437,0.9382638,0.4418613,0.26402003,0.9457244,0.4344718,0.2625208,0.44252217,0.46750897,0.2385036,0.79669714,0.4337429,0.23746581,0.038082227,0.5168212,0.26582474,0.9972785,0.42345136,0.2687989,0.69182765,0.5470992,0.37423968,0.99670297,0.41991988,0.3776961,0.25971758,0.5073255,0.4772018,0.99009633,0.43392485,0.45102438,0.44448063,0.5155495,0.4427053,0.9987929,0.44729,0.4439393,0.98294836,0.5316036,0.58272755,0.99773633,0.4328025,0.586336,0.9727601,0.55116165,0.71640414,0.97790056,0.43568844,0.71010566,0.8915031
0.4822628,0.39837164,0.35416794,0.48033136,0.3900077,0.06520479,0.47826415,0.38964182,0.33658692,0.4743019,0.36713213,0.026977729,0.46131277,0.36992258,0.3886382,0.46957964,0.3657951,0.66343623,0.42995906,0.37085503,0.9046108,0.47408184,0.4312997,0.5154899,0.42346972,0.44506186,0.88818425,0.4752038,0.51177937,0.5457767,0.450885,0.52707714,0.82448477,0.42153364,0.44850248,0.98516756,0.3903632,0.45005885,0.99225026,0.44061095,0.57766116,0.993105,0.3815814,0.5833004,0.996293,0.460877,0.7224097,0.98353887,0.3776124,0.7317617,0.98813695,0.44548434,0.28164223,0.9312123,0.44740248,0.26967373,0.91376096,0.43992853,0.267828,0.48053846,0.47120637,0.24260828,0.6271174,0.43569455,0.2403193,0.0514235,0.5162857,0.26722932,0.99558735,0.4247636,0.2689705,0.7103376,0.5452604,0.3760909,0.9950235,0.42601424,0.37912875,0.33832878,0.50594,0.48334575,0.9878049,0.44136733,0.45962277,0.5368055,0.5164532,0.43936014,0.99842536,0.44930902,0.44024497,0.98353946,0.53075624,0.5796298,0.9972192,0.43575382,0.5826116,0.97465056,0.5498679,0.7137898,0.97361326,0.44029528,0.7068343,0.89004844
0.4822628,0.39837164,0.35416794,0.48033136,0.3900077,0.06520479,0.47826415,0.38964182,0.33658692,0.4743019,0.36713213,0.026977729,0.46131277,0.36992258,0.3886382,0.46957964,0.3657951,0.66343623,0.42995906,0.37085503,0.9046108,0.47408184,0.4312997,0.5154899,0.42346972,0.44506186,0.88818425,0.4752038,0.51177937,0.5457767,0.450885,0.52707714,0.82448477,0.42153364,0.44850248,0.98516756,0.3903632,0.45005885,0.99225026,0.44061095,0.57766116,0.993105,0.3815814,0.5833004,0.996293,0.460877,0.7224097,0.98353887,0.3776124,0.7317617,0.98813695,0.44548434,0.28164223,0.9312123,0.44740248,0.26967373,0.91376096,0.43992853,0.267828,0.48053846,0.47120637,0.24260828,0.6271174,0.43569455,0.2403193,0.0514235,0.5162857,0.26722932,0.99558735,0.4247636,0.2689705,0.7103376,0.5452604,0.3760909,0.9950235,0.42601424,0.37912875,0.33832878,0.50594,0.48334575,0.9878049,0.44136733,0.45962277,0.5368055,0.5164532,0.43936014,0.99842536,0.44930902,0.44024497,0.98353946,0.53075624,0.5796298,0.9972192,0.43575382,0.5826116,0.97465056,0.5498679,0.7137898,0.97361326,0.44029528,0.7068343,0.89004844
0.48311606,0.4090287,0.4727919,0.4812562,0.40067834,0.09319017,0.47833046,0.40051094,0.4509085,0.47754088,0.37638107,0.024646629,0.46001124,0.37956813,0.41776642,0.47527027,0.37325948,0.68471164,0.42792422,0.37747902,0.91405886,0.47961074,0.43592802,0.5555057,0.4191741,0.44772673,0.9060249,0.47829357,0.51201713,0.61819774,0.44770485,0.52486944,0.8664508,0.42497292,0.4498577,0.98510945,0.38885257,0.4508993,0.99230266,0.4417161,0.5791534,0.9928082,0.38004372,0.5848076,0.996161,0.45968667,0.72251815,0.98128796,0.37619826,0.73317754,0.9865019,0.4463752,0.28388137,0.8810688,0.4473396,0.2727341,0.8598851,0.44234735,0.2704435,0.32775658,0.4707623,0.2460452,0.56362504,0.44077897,0.24280766,0.034788046,0.51667565,0.269088,0.99363965,0.4272681,0.26900303,0.62139654,0.544929,0.3779977,0.99429435,0.42516097,0.37817803,0.29866242,0.5048145,0.48499832,0.98653793,0.44128805,0.45921096,0.50474775,0.51614845,0.4364294,0.9980696,0.4499875,0.43661118,0.97960395,0.53240955,0.58076906,0.99655163,0.43599033,0.5826138,0.96834457,0.5497607,0.7171718,0.9667732,0.4369399,0.70832837,0.86404717
0.48311606,0.4090287,0.4727919,0.4812562,0.40067834,0.09319017,0.47833046,0.40051094,0.4509085,0.47754088,0.37638107,0.024646629,0.46001124,0.37956813,0.41776642,0.47527027,0.37325948,0.68471164,0.42792422,0.37747902,0.91405886,0.47961074,0.43592802,0.5555057,0.4191741,0.44772673,0.9060249,0.47829357,0.51201713,0.61819774,0.44770485,0.52486944,0.8664508,0.42497292,0.4498577,0.98510945,0.38885257,0.4508993,0.99230266,0.4417161,0.5791534,0.9928082,0.38004372,0.5848076,0.996161,0.45968667,0.72251815,0.98128796,0.37619826,0.73317754,0.9865019,0.4463752,0.28388137,0.8810688,0.4473396,0.2727341,0.8598851,0.44234735,0.2704435,0.32775658,0.4707623,0.2460452,0.56362504,0.44077897,0.24280766,0.034788046,0.51667565,0.269088,0.99363965,0.4272681,0.26900303,0.62139654,0.544929,0.3779977,0.99429435,0.42516097,0.37817803,0.29866242,0.5048145,0.48499832,0.98653793,0.44128805,0.45921096,0.50474775,0.51614845,0.4364294,0.9980696,0.4499875,0.43661118,0.97960395,0.53240955,0.58076906,0.99655163,0.43599033,0.5826138,0.96834457,0.5497607,0.7171718,0.9667732,0.4369399,0.70832837,0.86404717
0.47028333,0.32906833,0.15952003,0.4725371,0.31944236,0.08579649,0.46520987,0.32043126,0.067058675,0.48631626,0.30158845,0.1556209,0.46325263,0.30807698,0.06588965,0.5022358,0.32261497,0.68751407,0.43640175,0.32725117,0.8390397,0.5019015,0.41026276,0.64501005,0.42377585,0.42795244,0.800973,0.49207896,0.49123183,0.62984973,0.4558631,0.5185989,0.7104121,0.43357778,0.44270188,0.99273235,0.38529024,0.44212905,0.99436355,0.44972306,0.5792745,0.9968983,0.37872687,0.58456576,0.9976908,0.45509988,0.7176418,0.99281436,0.367114,0.73362696,0.9942872,0.4394435,0.28827754,0.93755394,0.44267598,0.27796704,0.95525694,0.43537647,0.27493626,0.43003014,0.47123986,0.25485224,0.8626682,0.43988806,0.2511097,0.033739664,0.5154105,0.2799967,0.9965533,0.4362425,0.28042996,0.70429766,0.54130524,0.38629785,0.995548,0.4328363,0.38705307,0.2694798,0.5008954,0.49335474,0.98756963,0.4420612,0.4645195,0.44000235,0.5119319,0.43670577,0.9983454,0.4528578,0.43590704,0.98003525,0.5282634,0.57885736,0.9972972,0.43777093,0.57891494,0.9722286,0.54820335,0.7161662,0.97671366,0.43426865,0.703741,0.89914745
0.47028333,0.32906833,0.15952003,0.4725371,0.31944236,0.08579649,0.46520987,0.32043126,0.067058675,0.48631626,0.30158845,0.1556209,0.46325263,0.30807698,0.06588965,0.5022358,0.32261497,0.68751407,0.43640175,0.32725117,0.8390397,0.5019015,0.41026276,0.64501005,0.42377585,0.42795244,0.800973,0.49207896,0.49123183,0.62984973,0.4558631,0.5185989,0.7104121,0.43357778,0.44270188,0.99273235,0.38529024,0.44212905,0.99436355,0.44972306,0.5792745,0.9968983,0.37872687,0.58456576,0.9976908,0.45509988,0.7176418,0.99281436,0.367114,0.73362696,0.9942872,0.4394435,0.28827754,0.93755394,0.44267598,0.27796704,0.95525694,0.43537647,0.27493626,0.43003014,0.47123986,0.25485224,0.8626682,0.43988806,0.2511097,0.033739664,0.5154105,0.2799967,0.9965533,0.4362425,0.28042996,0.70429766,0.54130524,0.38629785,0.995548,0.4328363,0.38705307,0.2694798,0.5008954,0.49335474,0.98756963,0.4420612,0.4645195,0.44000235,0.5119319,0.43670577,0.9983454,0.4528578,0.43590704,0.98003525,0.5282634,0.57885736,0.9972972,0.43777093,0.57891494,0.9722286,0.54820335,0.7161662,0.97671366,0.43426865,0.703741,0.89914745
0.47210836,0.3314672,0.2704767,0.47461796,0.32134762,0.13981922,0.465555,0.3227004,0.13534376,0.4872094,0.30302244,0.17544433,0.46000537,0.31051874,0.10850721,0.5010702,0.32392398,0.7396874,0.4340337,0.33111906,0.8860203,0.5015391,0.41044107,0.6495544,0.4231473,0.43262276,0.8323717,0.49136776,0.4950161,0.6350308,0.45760685,0.5224422,0.74443734,0.43387994,0.44300213,0.9926427,0.3849233,0.44365102,0.9946491,0.44862628,0.5778201,0.9967638,0.37868243,0.5848547,0.9977187,0.4536901,0.715156,0.9925672,0.3670966,0.73239887,0.99424475,0.44362658,0.29463705,0.95645756,0.44756213,0.28345066,0.95709574,0.43747967,0.28089148,0.5809357,0.4747824,0.2591889,0.8050705,0.4359056,0.25621516,0.060490265,0.51574,0.28251982,0.9967283,0.43225962,0.28399497,0.7763497,0.54119533,0.39027527,0.99521834,0.42778498,0.39459962,0.35202578,0.501236,0.4982884,0.9878035,0.4393817,0.47632107,0.5303606,0.51128715,0.428903,0.99838185,0.44985017,0.42902103,0.9833897,0.5272479,0.5731863,0.9974872,0.43839183,0.57494175,0.97765976,0.54796916,0.7112301,0.9777649,0.43595743,0.70263994,0.90987295
0.47210836,0.3314672,0.2704767,0.47461796,0.32134762,0.13981922,0.465555,0.3227004,0.13534376,0.4872094,0.30302244,0.17544433,0.46000537,0.31051874,0.10850721,0.5010702,0.32392398,0.7396874,0.4340337,0.33111906,0.8860203,0.5015391,0.41044107,0.6495544,0.4231473,0.43262276,0.8323717,0.49136776,0.4950161,0.6350308,0.45760685,0.5224422,0.74443734,0.43387994,0.44300213,0.9926427,0.3849233,0.44365102,0.9946491,0.44862628,0.5778201,0.9967638,0.37868243,0.5848547,0.9977187,0.4536901,0.715156,0.9925672,0.3670966,0.73239887,0.99424475,0.44362658,0.29463705,0.95645756,0.44756213,0.28345066,0.95709574,0.43747967,0.28089148,0.5809357,0.4747824,0.2591889,0.8050705,0.4359056,0.25621516,0.060490265,0.51574,0.28251982,0.9967283,0.43225962,0.28399497,0.7763497,0.54119533,0.39027527,0.99521834,0.42778498,0.39459962,0.35202578,0.501236,0.4982884,0.9878035,0.4393817,0.47632107,0.5303606,0.51128715,0.428903,0.99838185,0.44985017,0.42902103,0.9833897,0.5272479,0.5731863,0.9974872,0.43839183,0.57494175,0.97765976,0.54796916,0.7112301,0.9777649,0.43595743,0.70263994,0.90987295
0.45784038,0.31766614,0.5812789,0.46050826,0.30788615,0.31946033,0.4527572,0.3072625,0.35541984,0.46817255,0.29637754,0.25303712,0.44711858,0.2973676,0.25962135,0.47618732,0.325052,0.9074588,0.43285173,0.32714444,0.9228356,0.4932413,0.41195583,0.802703,0.43886298,0.4269194,0.8235189,0.4823574,0.4974536,0.7577885,0.46221596,0.5187777,0.7524598,0.43246573,0.4471554,0.99283093,0.39954397,0.44570208,0.9927825,0.4432966,0.58153516,0.9958062,0.3870421,0.58169633,0.9959008,0.45668086,0.7290782,0.9872788,0.37524226,0.73009604,0.9872897,0.44036373,0.2904119,0.9556229,0.44438457,0.2797466,0.9533069,0.4355096,0.2775541,0.58818704,0.47004408,0.26058948,0.8069428,0.43585476,0.2570384,0.066786304,0.5090797,0.2902629,0.9968225,0.4392981,0.28762218,0.82141286,0.5383075,0.39258975,0.9953838,0.4452475,0.38859862,0.44228306,0.4983353,0.49214643,0.98931074,0.44877386,0.4780231,0.6181351,0.5146915,0.42985368,0.9988023,0.46209827,0.4276,0.9893412,0.52747285,0.5776397,0.998629,0.4467658,0.57318455,0.989374,0.5565612,0.71155936,0.98848176,0.4478733,0.69783324,0.9568228
0.45784038,0.31766614,0.5812789,0.46050826,0.30788615,0.31946033,0.4527572,0.3072625,0.35541984,0.46817255,0.29637754,0.25303712,0.44711858,0.2973676,0.25962135,0.47618732,0.325052,0.9074588,0.43285173,0.32714444,0.9228356,0.4932413,0.41195583,0.802703,0.43886298,0.4269194,0.8235189,0.4823574,0.4974536,0.7577885,0.46221596,0.5187777,0.7524598,0.43246573,0.4471554,0.99283093,0.39954397,0.44570208,0.9927825,0.4432966,0.58153516,0.9958062,0.3870421,0.58169633,0.9959008,0.45668086,0.7290782,0.9872788,0.37524226,0.73009604,0.9872897,0.44036373,0.2904119,0.9556229,0.44438457,0.2797466,0.9533069,0.4355096,0.2775541,0.58818704,0.47004408,0.26058948,0.8069428,0.43585476,0.2570384,0.066786304,0.5090797,0.2902629,0.9968225,0.4392981,0.28762218,0.82141286,0.5383075,0.39258975,0.9953838,0.4452475,0.38859862,0.44228306,0.4983353,0.49214643,0.98931074,0.44877386,0.4780231,0.6181351,0.5146915,0.42985368,0.9988023,0.46209827,0.4276,0.9893412,0.52747285,0.5776397,0.998629,0.4467658,0.57318455,0.989374,0.5565612,0.71155936,0.98848176,0.4478733,0.69783324,0.9568228
0.4542117,0.30796582,0.68489385,0.45753956,0.29802957,0.43190867,0.44888654,0.2971173,0.45024875,0.46703225,0.28726527,0.32795107,0.44415084,0.28739104,0.305717,0.47753984,0.31961998,0.9328358,0.43122825,0.3213015,0.9408661,0.49701476,0.40952802,0.82606345,0.43979573,0.4248371,0.83519214,0.4829801,0.4965809,0.772728,0.46176776,0.51872134,0.7582099,0.4345931,0.44799152,0.9934303,0.3999688,0.44611898,0.993238,0.4451801,0.5840388,0.9957295,0.38871664,0.5832587,0.9957684,0.45593014,0.7298047,0.9863746,0.37690967,0.72878784,0.98631555,0.4396097,0.2914608,0.95245385,0.4434908,0.2810068,0.94747144,0.4352742,0.27880287,0.5851403,0.4684948,0.26283175,0.7855323,0.43561062,0.2588878,0.06970612,0.50858843,0.29322055,0.9965411,0.4391327,0.29014438,0.8248047,0.537215,0.39543146,0.9945656,0.44748315,0.38997,0.44304633,0.4922143,0.49406266,0.9871423,0.44735718,0.48002848,0.60488963,0.5172299,0.42975226,0.99884534,0.46476203,0.42710075,0.99037313,0.5299093,0.5778619,0.9987955,0.44893733,0.57230747,0.99122834,0.557821,0.71270174,0.9905331,0.45068392,0.69719857,0.96573454
0.4542117,0.30796582,0.68489385,0.45753956,0.29802957,0.43190867,0.44888654,0.2971173,0.45024875,0.46703225,0.28726527,0.32795107,0.44415084,0.28739104,0.305717,0.47753984,0.31961998,0.9328358,0.43122825,0.3213015,0.9408661,0.49701476,0.40952802,0.82606345,0.43979573,0.4248371,0.83519214,0.4829801,0.4965809,0.772728,0.46176776,0.51872134,0.7582099,0.4345931,0.44799152,0.9934303,0.3999688,0.44611898,0.993238,0.4451801,0.5840388,0.9957295,0.38871664,0.5832587,0.9957684,0.45593014,0.7298047,0.9863746,0.37690967,0.72878784,0.98631555,0.4396097,0.2914608,0.95245385,0.4434908,0.2810068,0.94747144,0.4352742,0.27880287,0.5851403,0.4684948,0.26283175,0.7855323,0.43561062,0.2588878,0.06970612,0.50858843,0.29322055,0.9965411,0.4391327,0.29014438,0.8248047,0.537215,0.39543146,0.9945656,0.44748315,0.38997,0.44304633,0.4922143,0.49406266,0.9871423,0.44735718,0.48002848,0.60488963,0.5172299,0.42975226,0.99884534,0.46476203,0.42710075,0.99037313,0.5299093,0.5778619,0.9987955,0.44893733,0.57230747,0.99122834,0.557821,0.71270174,0.9905331,0.45068392,0.69719857,0.96573454
0.4530343,0.30863747,0.7305145,0.45563087,0.29887062,0.45632312,0.44784886,0.2979555,0.52454185,0.46285376,0.2878562,0.35461086,0.4439034,0.28819656,0.4130775,0.47175246,0.31970087,0.9457463,0.43264246,0.32265764,0.9607608,0.49191174,0.40777674,0.82432836,0.4388423,0.42801863,0.86876714,0.4801286,0.49605307,0.76117706,0.45758653,0.5261009,0.7827908,0.42880931,0.4496351,0.9935045,0.4009419,0.4481167,0.9940414,0.4331967,0.5840809,0.99536884,0.39375877,0.58351916,0.9958936,0.441153,0.72956735,0.9847786,0.38408294,0.72898024,0.98570734,0.44043636,0.302154,0.9535836,0.4439034,0.29162124,0.95578474,0.43540877,0.28875247,0.5670033,0.4703223,0.2684657,0.80330014,0.4359173,0.2642253,0.05652533,0.5105826,0.29090986,0.99672556,0.4397642,0.2893934,0.7565133,0.5346123,0.39170375,0.9943891,0.44359827,0.39339197,0.3027793,0.4986772,0.4881199,0.9835774,0.44076842,0.48909694,0.44007254,0.5148629,0.43179646,0.9987544,0.46122637,0.4301613,0.9867388,0.53048074,0.57463896,0.9985435,0.4456374,0.5718824,0.9866275,0.553431,0.7129041,0.98945695,0.44177994,0.7019164,0.95511794
0.4530343,0.30863747,0.7305145,0.45563087,0.29887062,0.45632312,0.44784886,0.2979555,0.52454185,0.46285376,0.2878562,0.35461086,0.4439034,0.28819656,0.4130775,0.47175246,0.31970087,0.9457463,0.43264246,0.32265764,0.9607608,0.49191174,0.40777674,0.82432836,0.4388423,0.42801863,0.86876714,0.4801286,0.49605307,0.76117706,0.45758653,0.5261009,0.7827908,0.42880931,0.4496351,0.9935045,0.4009419,0.4481167,0.9940414,0.4331967,0.5840809,0.99536884,0.39375877,0.58351916,0.9958936,0.441153,0.72956735,0.9847786,0.38408294,0.72898024,0.98570734,0.44043636,0.302154,0.9535836,0.4439034,0.29162124,0.95578474,0.43540877,0.28875247,0.5670033,0.4703223,0.2684657,0.80330014,0.4359173,0.2642253,0.05652533,0.5105826,0.29090986,0.99672556,0.4397642,0.2893934,0.7565133,0.5346123,0.39170375,0.9943891,0.44359827,0.39339197,0.3027793,0.4986772,0.4881199,0.9835774,0.44076842,0.48909694,0.44007254,0.5148629,0.43179646,0.9987544,0.46122637,0.4301613,0.9867388,0.53048074,0.57463896,0.9985435,0.4456374,0.5718824,0.9866275,0.553431,0.7129041,0.98945695,0.44177994,0.7019164,0.95511794
0.45332804,0.30820665,0.7070608,0.45577803,0.2982312,0.43942425,0.4478721,0.29779232,0.49747568,0.46448746,0.28630295,0.36644462,0.44484228,0.28808767,0.39316928,0.47667366,0.317068,0.93899786,0.4333416,0.3226747,0.961991,0.4977684,0.40403217,0.80991393,0.43858188,0.42812985,0.8773666,0.48236123,0.4944191,0.75004876,0.459608,0.5237155,0.79206383,0.4328792,0.4466528,0.99336606,0.401385,0.44607338,0.99433595,0.4406373,0.58228225,0.99524975,0.39275292,0.5834186,0.9960847,0.45035514,0.7272312,0.98466945,0.38158464,0.7280446,0.9863918,0.4389873,0.3019273,0.94745785,0.44215137,0.2915843,0.9498927,0.43422884,0.28903663,0.55109745,0.4689115,0.26869363,0.80019826,0.43577832,0.26534054,0.057933312,0.51101,0.29122886,0.99601585,0.4371438,0.29165858,0.778328,0.5335903,0.39302772,0.9927105,0.43787327,0.39708823,0.33315787,0.49245706,0.49093023,0.97908163,0.43857917,0.48639864,0.45323497,0.5141002,0.43097538,0.99861073,0.45837766,0.4301005,0.9874843,0.5318285,0.57442045,0.9983852,0.44367823,0.5730523,0.98741853,0.55180943,0.7109067,0.9889599,0.4378501,0.7002448,0.9580486
0.45332804,0.30820665,0.7070608,0.45577803,0.2982312,0.43942425,0.4478721,0.29779232,0.49747568,0.46448746,0.28630295,0.36644462,0.44484228,0.28808767,0.39316928,0.47667366,0.317068,0.93899786,0.4333416,0.3226747,0.961991,0.4977684,0.40403217,0.80991393,0.43858188,0.42812985,0.8773666,0.48236123,0.4944191,0.75004876,0.459608,0.5237155,0.79206383,0.4328792,0.4466528,0.99336606,0.401385,0.44607338,0.99433595,0.4406373,0.58228225,0.99524975,0.39275292,0.5834186,0.9960847,0.45035514,0.7272312,0.98466945,0.38158464,0.7280446,0.9863918,0.4389873,0.3019273,0.94745785,0.44215137,0.2915843,0.9498927,0.43422884,0.28903663,0.55109745,0.4689115,0.26869363,0.80019826,0.43577832,0.26534054,0.057933312,0.51101,0.29122886,0.99601585,0.4371438,0.29165858,0.778328,0.5335903,0.39302772,0.9927105,0.43787327,0.39708823,0.33315787,0.49245706,0.49093023,0.97908163,0.43857917,0.48639864,0.45323497,0.5141002,0.43097538,0.99861073,0.45837766,0.4301005,0.9874843,0.5318285,0.57442045,0.9983852,0.44367823,0.5730523,0.98741853,0.55180943,0.7109067,0.9889599,0.4378501,0.7002448,0.9580486
